file,species
e1abb4ff9.png,Sugar beet
c6b76307d.png,Cleavers
78c5fba1d.png,Common Chickweed
dce2f6612.png,Common Chickweed
5ee9d0a5b.png,Loose Silky-bent
ce15eee52.png,Charlock
ef9676433.png,Charlock
1fefb54b7.png,Fat Hen
8c9953903.png,Common Chickweed
86c309150.png,Sugar beet
a006a475c.png,Shepherds Purse
39c8fde99.png,Common wheat
98da6ef4e.png,Scentless Mayweed
b3e08b037.png,Fat Hen
fe29629fb.png,Loose Silky-bent
32b42c120.png,Small-flowered Cranesbill
be341dbdc.png,Loose Silky-bent
0c5f6c493.png,Black-grass
486e59179.png,Common Chickweed
a3b375b34.png,Loose Silky-bent
e901b0f28.png,Fat Hen
22fbf13d6.png,Loose Silky-bent
02cfeb38d.png,Loose Silky-bent
060450d79.png,Common Chickweed
592473c83.png,Loose Silky-bent
8b9144917.png,Small-flowered Cranesbill
963544aa0.png,Loose Silky-bent
93079d970.png,Sugar beet
71b232519.png,Loose Silky-bent
1312065a5.png,Small-flowered Cranesbill
3ebbe9ca4.png,Charlock
1bf9b94a6.png,Scentless Mayweed
2bd74d2da.png,Loose Silky-bent
1364b297a.png,Charlock
7beb2766f.png,Scentless Mayweed
6be169e41.png,Shepherds Purse
b7ad92859.png,Shepherds Purse
c0f5d9ac8.png,Small-flowered Cranesbill
7b21ba6ba.png,Maize
fe9e87b78.png,Scentless Mayweed
3eebd36c6.png,Charlock
ac3193f78.png,Common Chickweed
c069fc3fa.png,Fat Hen
550a8b7e6.png,Small-flowered Cranesbill
2693e5c65.png,Maize
b341d0aab.png,Scentless Mayweed
cbe761896.png,Charlock
99036c51d.png,Loose Silky-bent
cb76a7766.png,Fat Hen
c0d9e170b.png,Small-flowered Cranesbill
c50335991.png,Sugar beet
3b73c3b61.png,Loose Silky-bent
41e07778c.png,Cleavers
0e8492cb1.png,Sugar beet
ef3e232ad.png,Common Chickweed
5bc6595f6.png,Maize
3dd52bd2a.png,Small-flowered Cranesbill
ace8761dd.png,Common Chickweed
e82017baa.png,Loose Silky-bent
30ad31220.png,Charlock
c5e419015.png,Scentless Mayweed
a935ca110.png,Loose Silky-bent
fef2ade8c.png,Sugar beet
50de8a115.png,Maize
20817c846.png,Scentless Mayweed
03566743d.png,Common Chickweed
406ecb5c5.png,Charlock
f23faf9c1.png,Loose Silky-bent
0caeda5df.png,Common wheat
69d1669f8.png,Charlock
5b63dcc21.png,Common Chickweed
d84d37a61.png,Common Chickweed
6dd095129.png,Common Chickweed
ab35453cb.png,Cleavers
e5881dd33.png,Fat Hen
24a058589.png,Charlock
f25996db8.png,Small-flowered Cranesbill
e1809cef2.png,Small-flowered Cranesbill
f593c9cf0.png,Sugar beet
a35fd6fbb.png,Common Chickweed
089ad62a7.png,Fat Hen
98d819587.png,Shepherds Purse
d01873fdd.png,Black-grass
31f3dd81f.png,Loose Silky-bent
32a8c8a1d.png,Fat Hen
59358cd44.png,Small-flowered Cranesbill
2b55a2da2.png,Charlock
b47691c08.png,Scentless Mayweed
91e469b4a.png,Charlock
a83820a2c.png,Sugar beet
6049234e6.png,Fat Hen
29f49cd0b.png,Fat Hen
824f5d4e5.png,Fat Hen
e88bf0db9.png,Small-flowered Cranesbill
5b3beec58.png,Loose Silky-bent
521b27a17.png,Loose Silky-bent
5bdcfa329.png,Loose Silky-bent
c2de6020a.png,Small-flowered Cranesbill
b0acaff4a.png,Black-grass
a1e0a6c02.png,Maize
74068643d.png,Loose Silky-bent
5f04aed97.png,Small-flowered Cranesbill
f33e9d918.png,Shepherds Purse
a55d26a4c.png,Common Chickweed
892e9d6c6.png,Scentless Mayweed
03e322a29.png,Sugar beet
e19ad6ac9.png,Charlock
0911d3dee.png,Common Chickweed
b98327bf4.png,Scentless Mayweed
17529c555.png,Scentless Mayweed
6908fb540.png,Fat Hen
7696badea.png,Common Chickweed
85431c075.png,Loose Silky-bent
20ea96bcc.png,Fat Hen
2f246d688.png,Small-flowered Cranesbill
33748968f.png,Small-flowered Cranesbill
34dd57ca9.png,Loose Silky-bent
8e6ec1ca6.png,Small-flowered Cranesbill
e5e3dccff.png,Common wheat
cb496f36e.png,Loose Silky-bent
39d569be4.png,Loose Silky-bent
c63da993b.png,Sugar beet
3da774107.png,Fat Hen
fbf88b6be.png,Charlock
79fba50db.png,Common Chickweed
5bbc0a255.png,Fat Hen
3edf5e9ef.png,Common wheat
c64370a72.png,Sugar beet
24dbc3b21.png,Sugar beet
19618ad6a.png,Fat Hen
9516e56c4.png,Loose Silky-bent
d0cdc768f.png,Maize
cae684f8f.png,Charlock
5bd71f445.png,Common Chickweed
d89db156f.png,Small-flowered Cranesbill
a8c8a1db0.png,Shepherds Purse
c10ccbd82.png,Scentless Mayweed
c7051c902.png,Common Chickweed
3526b05cc.png,Scentless Mayweed
48d97c645.png,Small-flowered Cranesbill
d689256be.png,Fat Hen
25fa8d109.png,Common wheat
00d090cde.png,Loose Silky-bent
205df1df3.png,Fat Hen
e3f50adfc.png,Cleavers
1191ba346.png,Cleavers
721b2c47a.png,Fat Hen
c75a82234.png,Scentless Mayweed
fb022edf9.png,Scentless Mayweed
e98e5d1d5.png,Black-grass
063363305.png,Small-flowered Cranesbill
cf46d09c5.png,Common Chickweed
3d38a87bc.png,Loose Silky-bent
3e9f41817.png,Loose Silky-bent
2a667e099.png,Fat Hen
1d56351b2.png,Common Chickweed
04814f36d.png,Scentless Mayweed
8f523520c.png,Shepherds Purse
e4a76885b.png,Maize
647689543.png,Loose Silky-bent
a2b703e21.png,Small-flowered Cranesbill
e9d48d664.png,Charlock
7506c0c02.png,Scentless Mayweed
728eabae1.png,Maize
fdea6b119.png,Black-grass
edfdb4aeb.png,Scentless Mayweed
506347cfe.png,Common Chickweed
6c874918c.png,Loose Silky-bent
b29339405.png,Loose Silky-bent
3bbef3ecb.png,Scentless Mayweed
4049a6ea6.png,Loose Silky-bent
4f83143e1.png,Maize
b5c7fd009.png,Fat Hen
22e79540f.png,Cleavers
800a8c17e.png,Fat Hen
4c7838de4.png,Common Chickweed
07e62f903.png,Maize
026716f9b.png,Loose Silky-bent
71f5323c5.png,Loose Silky-bent
752101fdf.png,Small-flowered Cranesbill
851c90831.png,Loose Silky-bent
0a64e3e6c.png,Fat Hen
0021e90e4.png,Small-flowered Cranesbill
675ec1b0b.png,Small-flowered Cranesbill
abc331628.png,Common wheat
8311740de.png,Fat Hen
9b9911f20.png,Scentless Mayweed
4e9d3765f.png,Charlock
dd5ec63d9.png,Sugar beet
785a73ab8.png,Common Chickweed
3efa1f66c.png,Loose Silky-bent
d14aa43f3.png,Small-flowered Cranesbill
099b961ec.png,Shepherds Purse
177d7e2a4.png,Scentless Mayweed
b31292706.png,Shepherds Purse
f445fe6fb.png,Charlock
1cfd91582.png,Charlock
d668409ff.png,Loose Silky-bent
f4e7733d4.png,Small-flowered Cranesbill
e84464f5a.png,Scentless Mayweed
866be78b0.png,Common Chickweed
a0b393945.png,Black-grass
e15472085.png,Common Chickweed
c6c8d4ba0.png,Loose Silky-bent
fc6f686fb.png,Sugar beet
f1e87cba7.png,Loose Silky-bent
0437393b1.png,Fat Hen
1d48b7564.png,Loose Silky-bent
5883b423d.png,Scentless Mayweed
35a90f8d0.png,Scentless Mayweed
6bce55e05.png,Cleavers
8455169fe.png,Common wheat
711b46fba.png,Charlock
0885e7690.png,Scentless Mayweed
bea23d9f8.png,Scentless Mayweed
d563be369.png,Fat Hen
92292055d.png,Maize
827279bad.png,Scentless Mayweed
f3fcfff1b.png,Cleavers
06d12f6fa.png,Shepherds Purse
1376f3b63.png,Loose Silky-bent
8a8d6c712.png,Cleavers
a169b71e7.png,Charlock
23bc8ec4f.png,Common Chickweed
82b5f4d33.png,Shepherds Purse
26852751a.png,Charlock
e721c6ac8.png,Black-grass
8b27bfd2b.png,Small-flowered Cranesbill
599c82eea.png,Scentless Mayweed
a8da9c08d.png,Charlock
33317fc2a.png,Sugar beet
3f826b318.png,Common Chickweed
8e29abce1.png,Common Chickweed
eaf0815e2.png,Small-flowered Cranesbill
6d6eb3830.png,Scentless Mayweed
7691014a1.png,Charlock
c8f50f0c3.png,Common wheat
1c52ea820.png,Fat Hen
4f44ca525.png,Common Chickweed
c0bc3997b.png,Shepherds Purse
8d6991365.png,Loose Silky-bent
e5297b675.png,Loose Silky-bent
4823c3ffa.png,Loose Silky-bent
1459e96a0.png,Cleavers
754b1adf8.png,Small-flowered Cranesbill
2e86f1085.png,Scentless Mayweed
4c8005bbc.png,Black-grass
d6d80a321.png,Scentless Mayweed
4a337a4a9.png,Fat Hen
87608f7aa.png,Charlock
e73e308be.png,Fat Hen
9326bda1b.png,Common Chickweed
64fe8beb9.png,Fat Hen
1be0713da.png,Scentless Mayweed
4e18ab737.png,Cleavers
0ebf8f2f4.png,Maize
fa9f3a8f9.png,Cleavers
ef02b4ee7.png,Sugar beet
4e69d100a.png,Small-flowered Cranesbill
aee6fa3df.png,Loose Silky-bent
74d810f87.png,Black-grass
d350a25fa.png,Common Chickweed
ad12382d4.png,Loose Silky-bent
7b52585da.png,Loose Silky-bent
36ed4f215.png,Shepherds Purse
b828443ff.png,Maize
9fab816f2.png,Fat Hen
16fd2e01a.png,Small-flowered Cranesbill
2dd5cfba9.png,Shepherds Purse
590f5aea6.png,Charlock
0ae6668fa.png,Loose Silky-bent
241e6935a.png,Sugar beet
756dd5070.png,Common Chickweed
16357b436.png,Loose Silky-bent
7f46a71db.png,Sugar beet
54b3afd58.png,Small-flowered Cranesbill
0c45ace27.png,Common Chickweed
a8b431a3e.png,Sugar beet
5ca0205f9.png,Charlock
a276c65f7.png,Loose Silky-bent
9d79a1f0c.png,Small-flowered Cranesbill
8916793ce.png,Small-flowered Cranesbill
55a852f40.png,Scentless Mayweed
fa5fd1384.png,Shepherds Purse
08d591441.png,Sugar beet
5a38ac566.png,Loose Silky-bent
d8f4923f8.png,Common Chickweed
71e73a8a0.png,Sugar beet
b62dca166.png,Fat Hen
f351ce097.png,Loose Silky-bent
a800caead.png,Sugar beet
75cb95e91.png,Charlock
e6f1211a2.png,Sugar beet
96ecad7a1.png,Small-flowered Cranesbill
c85ef220d.png,Common Chickweed
003d61042.png,Fat Hen
e4d5ec761.png,Loose Silky-bent
88ac6df54.png,Loose Silky-bent
7fdb7202d.png,Scentless Mayweed
fda0b5c38.png,Fat Hen
c35efa095.png,Scentless Mayweed
e5368474f.png,Scentless Mayweed
1821eb11a.png,Scentless Mayweed
55fed435f.png,Maize
8b043093d.png,Small-flowered Cranesbill
b573b7a56.png,Loose Silky-bent
c5078bac5.png,Loose Silky-bent
f9b6bfb00.png,Cleavers
52a87abe5.png,Cleavers
fea355851.png,Loose Silky-bent
fadc6adbc.png,Maize
060f1dc84.png,Cleavers
1f3f44563.png,Maize
56112b92c.png,Small-flowered Cranesbill
ae90f2827.png,Common Chickweed
8cf909eb3.png,Charlock
8303b27ed.png,Loose Silky-bent
699d3c707.png,Sugar beet
808578ed5.png,Charlock
cf90fc52d.png,Maize
953496deb.png,Fat Hen
39858776a.png,Cleavers
223e4af09.png,Cleavers
5b3000b9a.png,Maize
c74c5b7fc.png,Shepherds Purse
8db450ce3.png,Sugar beet
61dd2cdc5.png,Common wheat
ce42adffb.png,Loose Silky-bent
43ede9de9.png,Charlock
b7192c70f.png,Common wheat
f66ae4070.png,Maize
8585f9718.png,Black-grass
ce3d280eb.png,Fat Hen
c7ae30f3a.png,Sugar beet
bb20fce02.png,Scentless Mayweed
a74bf916d.png,Shepherds Purse
6a47821f9.png,Loose Silky-bent
e0ec5b6a1.png,Sugar beet
39b740f7e.png,Loose Silky-bent
e7077322d.png,Shepherds Purse
1b6a6494d.png,Sugar beet
71334c634.png,Maize
7f31c7f42.png,Loose Silky-bent
3281183f9.png,Scentless Mayweed
686dc7ec8.png,Black-grass
7f9e9565d.png,Scentless Mayweed
bd72d4d8a.png,Loose Silky-bent
79dafec17.png,Loose Silky-bent
11d3f68ff.png,Loose Silky-bent
664194d19.png,Small-flowered Cranesbill
3d65168c2.png,Common Chickweed
32c86784b.png,Common Chickweed
df521c0c0.png,Loose Silky-bent
1d0cbd819.png,Loose Silky-bent
bb1d1bfd3.png,Charlock
2d5058a59.png,Common Chickweed
88d8a4508.png,Maize
4c5ab9b68.png,Cleavers
0d117d910.png,Common Chickweed
6df8e31ea.png,Charlock
1f5e5554e.png,Small-flowered Cranesbill
8a32d0bfa.png,Small-flowered Cranesbill
20e562fd5.png,Sugar beet
995c7ab1e.png,Fat Hen
8170d33c1.png,Maize
2df78338c.png,Common Chickweed
ede6b84b4.png,Cleavers
148bbda66.png,Charlock
f1f7c833f.png,Shepherds Purse
8faadb6a8.png,Sugar beet
ec08a5d56.png,Small-flowered Cranesbill
86f08e6d1.png,Fat Hen
80e299ae9.png,Cleavers
9aa5587fe.png,Loose Silky-bent
adb7a032c.png,Loose Silky-bent
d2f0f326e.png,Fat Hen
ef65533d5.png,Loose Silky-bent
6ba4ef411.png,Fat Hen
8a4d3a1b1.png,Loose Silky-bent
19e58cc5e.png,Common Chickweed
270b939cf.png,Common Chickweed
5dcad9a53.png,Small-flowered Cranesbill
0fb233ad6.png,Small-flowered Cranesbill
e14afa235.png,Loose Silky-bent
3eda9cbb6.png,Scentless Mayweed
8cfd98117.png,Scentless Mayweed
248436078.png,Cleavers
97b2f0a10.png,Small-flowered Cranesbill
60ee66ddd.png,Cleavers
fc3e58836.png,Scentless Mayweed
523e5505c.png,Fat Hen
da5255450.png,Common Chickweed
46c14fde2.png,Loose Silky-bent
c0461776c.png,Common Chickweed
5315c2dca.png,Loose Silky-bent
653193c1a.png,Common wheat
cd6adba97.png,Small-flowered Cranesbill
410e6f702.png,Small-flowered Cranesbill
78750e0ff.png,Charlock
63c07d340.png,Sugar beet
a38b8a581.png,Small-flowered Cranesbill
efe19dc32.png,Charlock
60f0bc617.png,Small-flowered Cranesbill
b944a49ca.png,Loose Silky-bent
8ece6efec.png,Scentless Mayweed
35cf9fa01.png,Scentless Mayweed
da9ef7858.png,Charlock
239bdf640.png,Charlock
444473900.png,Loose Silky-bent
0751c0bbc.png,Sugar beet
a544fc46d.png,Scentless Mayweed
24d36c52c.png,Sugar beet
043449b0b.png,Sugar beet
808cf55c6.png,Charlock
03a2ee656.png,Small-flowered Cranesbill
3fbd0fc6a.png,Common Chickweed
90d119d25.png,Loose Silky-bent
37c3108d6.png,Shepherds Purse
6edb96d45.png,Charlock
1f290e016.png,Scentless Mayweed
187668bde.png,Scentless Mayweed
df11d56a7.png,Sugar beet
87f627bf9.png,Common Chickweed
fea1d13d6.png,Charlock
d6c8c3c48.png,Small-flowered Cranesbill
b39c71707.png,Maize
da4ed3a28.png,Charlock
05341a8a6.png,Scentless Mayweed
96f14d90c.png,Sugar beet
5eb9c26a6.png,Scentless Mayweed
12625488b.png,Fat Hen
856f2910a.png,Small-flowered Cranesbill
dcd7ff249.png,Fat Hen
c60e91e07.png,Loose Silky-bent
288564c76.png,Sugar beet
115f93ecc.png,Loose Silky-bent
6982a9d30.png,Small-flowered Cranesbill
37714071b.png,Scentless Mayweed
38c054379.png,Scentless Mayweed
bdde957ec.png,Common Chickweed
8e2e5604e.png,Sugar beet
bffc08672.png,Scentless Mayweed
cd5f0db1c.png,Small-flowered Cranesbill
9643fc5f4.png,Charlock
9c777333d.png,Shepherds Purse
9a3f20121.png,Loose Silky-bent
4e1190d78.png,Loose Silky-bent
a19c3faca.png,Common Chickweed
3f64c2c1b.png,Common wheat
9c0c5b731.png,Loose Silky-bent
16467a950.png,Loose Silky-bent
837ac0270.png,Scentless Mayweed
79d93bc96.png,Loose Silky-bent
b026bf8ca.png,Loose Silky-bent
d5f7dd60a.png,Scentless Mayweed
31fcdc161.png,Maize
165681fd9.png,Shepherds Purse
df7cb5f87.png,Common Chickweed
fd87b36ae.png,Loose Silky-bent
855955aaf.png,Small-flowered Cranesbill
4b155fb07.png,Maize
2ff5cb348.png,Sugar beet
cfd8165e9.png,Charlock
67e185673.png,Small-flowered Cranesbill
e96e57a90.png,Shepherds Purse
d7017f701.png,Fat Hen
593896f83.png,Common Chickweed
86676d627.png,Loose Silky-bent
eec1079a1.png,Charlock
0bf7bfb05.png,Loose Silky-bent
a85fc8c9a.png,Small-flowered Cranesbill
6b9d6f8c9.png,Sugar beet
29bab7cad.png,Fat Hen
59c6a9f95.png,Fat Hen
ab0f67743.png,Loose Silky-bent
48ef6a2ff.png,Fat Hen
948cdb277.png,Cleavers
615d2b0a9.png,Sugar beet
13b9fa92d.png,Sugar beet
17d5e5ac4.png,Loose Silky-bent
7d22abf91.png,Scentless Mayweed
bfab3e3d0.png,Sugar beet
b215531dd.png,Cleavers
897e5a8de.png,Cleavers
7e9cf1c46.png,Common Chickweed
604dd663f.png,Shepherds Purse
20f983a71.png,Fat Hen
5a6bf96f6.png,Maize
af45e222a.png,Scentless Mayweed
668c1007c.png,Charlock
1e095a7e1.png,Small-flowered Cranesbill
8301b0547.png,Charlock
55920f07f.png,Maize
ef74dbcad.png,Scentless Mayweed
e471f1d3a.png,Charlock
6a41bf95b.png,Scentless Mayweed
54c8bb900.png,Charlock
98062cd87.png,Common Chickweed
6db684fff.png,Scentless Mayweed
3fbf1a417.png,Cleavers
dabea05f4.png,Loose Silky-bent
a5db42f7d.png,Maize
1758a1baf.png,Common Chickweed
aa7d098d1.png,Sugar beet
4392d93cf.png,Fat Hen
59e1cea8d.png,Charlock
632156793.png,Cleavers
19b51843a.png,Common Chickweed
976e4e079.png,Common Chickweed
be2499cf4.png,Loose Silky-bent
e1a0e3202.png,Loose Silky-bent
67ce3eaa6.png,Small-flowered Cranesbill
1c680883c.png,Loose Silky-bent
f2dc546ca.png,Cleavers
59f62ad1d.png,Fat Hen
24d78df74.png,Fat Hen
abf8b0772.png,Scentless Mayweed
9baf94467.png,Sugar beet
b4c3df835.png,Maize
d102e1a15.png,Cleavers
d0152bd7c.png,Small-flowered Cranesbill
7c85b0265.png,Loose Silky-bent
2126dc71b.png,Common Chickweed
3827436f3.png,Common Chickweed
219fd68d5.png,Scentless Mayweed
606647f64.png,Common Chickweed
4bbf1f6ea.png,Small-flowered Cranesbill
8e4eaeec0.png,Fat Hen
3d67c434b.png,Sugar beet
8dbb8e1b9.png,Charlock
bd789d151.png,Common Chickweed
8a30b2de3.png,Sugar beet
a4b61a4ea.png,Loose Silky-bent
fd925f542.png,Fat Hen
37297a64c.png,Common Chickweed
502dff972.png,Small-flowered Cranesbill
9b4800b42.png,Scentless Mayweed
618de3d7a.png,Charlock
770a265f5.png,Small-flowered Cranesbill
558aa7deb.png,Loose Silky-bent
97844bfd5.png,Cleavers
4ac29bbf0.png,Common Chickweed
b3d6fdb80.png,Shepherds Purse
bb1c84bbc.png,Loose Silky-bent
79e5ea8fa.png,Fat Hen
007b3da8b.png,Sugar beet
809eb0b82.png,Charlock
47b7d8e17.png,Small-flowered Cranesbill
f4ad9d950.png,Sugar beet
a8388a37f.png,Fat Hen
ff65bc002.png,Charlock
c10db7ae2.png,Maize
d9c50616e.png,Sugar beet
5817b766d.png,Shepherds Purse
b4f7c9214.png,Loose Silky-bent
77ccb8b2a.png,Shepherds Purse
1d321253f.png,Fat Hen
24c94a6ca.png,Sugar beet
b6f3d8b5d.png,Scentless Mayweed
36839d5e9.png,Loose Silky-bent
f0ffa00bd.png,Fat Hen
d93c7ab6d.png,Loose Silky-bent
99569b224.png,Loose Silky-bent
f4234cf4f.png,Fat Hen
958bb9e96.png,Charlock
65e97117e.png,Loose Silky-bent
1623fb9e1.png,Fat Hen
c06e7c748.png,Scentless Mayweed
dfb1d9012.png,Loose Silky-bent
eef131644.png,Loose Silky-bent
ef7a5651d.png,Scentless Mayweed
bebcaab66.png,Scentless Mayweed
406162ef9.png,Charlock
dc55449b2.png,Sugar beet
a890ac088.png,Charlock
e52493d0b.png,Cleavers
721be0a4a.png,Loose Silky-bent
835dc5447.png,Small-flowered Cranesbill
9cce7328c.png,Loose Silky-bent
1541bdb2e.png,Maize
37e545a60.png,Common Chickweed
659412b1a.png,Loose Silky-bent
8104422bb.png,Small-flowered Cranesbill
00c47e980.png,Sugar beet
2d992d1fb.png,Small-flowered Cranesbill
4bcdaa5e2.png,Cleavers
429211ee6.png,Fat Hen
0f6cbe5e8.png,Maize
caa2fbd79.png,Shepherds Purse
44e8b8833.png,Shepherds Purse
122913909.png,Maize
9c8b08a24.png,Loose Silky-bent
dd9f36df7.png,Shepherds Purse
3f92d8039.png,Loose Silky-bent
116b136de.png,Sugar beet
73260a4ee.png,Shepherds Purse
7a38416be.png,Charlock
55251925f.png,Sugar beet
47f9e5d91.png,Common Chickweed
74fd477eb.png,Common Chickweed
7d4cd07ad.png,Common Chickweed
b687160f5.png,Small-flowered Cranesbill
a9d2eab61.png,Fat Hen
da231c97f.png,Cleavers
cfb18d262.png,Shepherds Purse
d2f422ccb.png,Common Chickweed
aaf4da98f.png,Sugar beet
2ea664465.png,Cleavers
e15fce4f2.png,Scentless Mayweed
25cf6eb73.png,Maize
cc3d2a59a.png,Fat Hen
c1ecff98b.png,Loose Silky-bent
f6d250856.png,Common Chickweed
17a78fb44.png,Common wheat
8d6acbe9b.png,Sugar beet
c832e4302.png,Fat Hen
6b721f68e.png,Loose Silky-bent
a7bd7cadb.png,Fat Hen
aecfaed64.png,Small-flowered Cranesbill
dabe3e5be.png,Small-flowered Cranesbill
d17f48d3b.png,Scentless Mayweed
a93f940d6.png,Scentless Mayweed
36d62bf36.png,Common wheat
e783f5a4f.png,Sugar beet
5e6a237f2.png,Common wheat
f48916a8c.png,Common Chickweed
f85ed9b6d.png,Shepherds Purse
e9cd91682.png,Common Chickweed
f4021df6c.png,Fat Hen
dc4cd56a3.png,Loose Silky-bent
ffc6f8527.png,Common wheat
25a4c427e.png,Loose Silky-bent
d2fd9df40.png,Loose Silky-bent
599691cd9.png,Small-flowered Cranesbill
beebe5f4e.png,Scentless Mayweed
9c32a797e.png,Common wheat
cec5bf198.png,Scentless Mayweed
780defa2e.png,Common Chickweed
ac75d3326.png,Loose Silky-bent
14bb43eee.png,Fat Hen
9df3275da.png,Small-flowered Cranesbill
cc74feadc.png,Small-flowered Cranesbill
a74d475c2.png,Shepherds Purse
fda39e16f.png,Small-flowered Cranesbill
23e480e64.png,Maize
6da892be6.png,Small-flowered Cranesbill
b6a3f7876.png,Fat Hen
61b044411.png,Loose Silky-bent
446f7da01.png,Loose Silky-bent
a060c1cf8.png,Maize
5296835a0.png,Small-flowered Cranesbill
56a01b835.png,Cleavers
8e3ed0a25.png,Small-flowered Cranesbill
589e643b8.png,Shepherds Purse
5ca2687a4.png,Maize
76555b064.png,Loose Silky-bent
2a5064f19.png,Sugar beet
5af1d74ee.png,Fat Hen
bf3924a57.png,Common Chickweed
5779fe8b4.png,Fat Hen
26e7ae885.png,Sugar beet
539961189.png,Common Chickweed
a3d0031fd.png,Loose Silky-bent
a8de7c1b7.png,Loose Silky-bent
b130a0632.png,Cleavers
0ad9e7dfb.png,Maize
b30ab4659.png,Cleavers
c4ed8ed38.png,Maize
391dcd7fd.png,Loose Silky-bent
085974290.png,Scentless Mayweed
f9f35cbd4.png,Common Chickweed
cbba27d89.png,Maize
6680836dd.png,Sugar beet
e478c452c.png,Fat Hen
b03397525.png,Loose Silky-bent
1694a70e4.png,Scentless Mayweed
7d3045fc3.png,Sugar beet
e5064f6be.png,Sugar beet
c7b07431e.png,Scentless Mayweed
534e74d83.png,Maize
b1cd2a91e.png,Charlock
60fea2ef6.png,Sugar beet
c7eb96871.png,Fat Hen
0d31e6602.png,Small-flowered Cranesbill
78b1bf91a.png,Sugar beet
76dbd1054.png,Scentless Mayweed
f8318faf1.png,Scentless Mayweed
456d507c0.png,Cleavers
0ee4ad224.png,Scentless Mayweed
8c98a6e9b.png,Loose Silky-bent
8ab8a958b.png,Fat Hen
8ca6140ca.png,Loose Silky-bent
172f9b10b.png,Shepherds Purse
8bc0261c9.png,Loose Silky-bent
b7a7f6390.png,Loose Silky-bent
d41d87796.png,Scentless Mayweed
466bb6d3b.png,Maize
1dc7c45df.png,Loose Silky-bent
d488a4fe1.png,Common wheat
8874bba69.png,Loose Silky-bent
59b2c6f2b.png,Sugar beet
c88ebfb47.png,Small-flowered Cranesbill
4ea7493d5.png,Sugar beet
966ae5ad9.png,Loose Silky-bent
a85b48a95.png,Scentless Mayweed
3a909ead8.png,Small-flowered Cranesbill
de0b79659.png,Scentless Mayweed
65489944f.png,Scentless Mayweed
e921021a8.png,Sugar beet
35ebe165c.png,Black-grass
ba3ce6b3e.png,Scentless Mayweed
33448fe39.png,Loose Silky-bent
9d3cb4745.png,Common wheat
bb7621cb3.png,Fat Hen
780bd2a2c.png,Sugar beet
65d08b894.png,Scentless Mayweed
2f0004a7f.png,Common wheat
66ab0e8d0.png,Charlock
03ef36742.png,Scentless Mayweed
4287d810c.png,Common Chickweed
974959ec1.png,Fat Hen
bb64660b7.png,Sugar beet
c26ccf73c.png,Fat Hen
f4caf74f9.png,Charlock
00ef713a8.png,Common Chickweed
e80a259c5.png,Small-flowered Cranesbill
90b595f12.png,Shepherds Purse
2406d6c99.png,Shepherds Purse
3185294c8.png,Scentless Mayweed
fba8fc78a.png,Black-grass
b9062c1c8.png,Sugar beet
7cabd68cc.png,Loose Silky-bent
969a851be.png,Scentless Mayweed
a0f37c726.png,Small-flowered Cranesbill
afa446484.png,Small-flowered Cranesbill
c5e88cd42.png,Common Chickweed
93d76fd5d.png,Shepherds Purse
29ce426a1.png,Fat Hen
2d9c798f9.png,Small-flowered Cranesbill
0c4199daa.png,Loose Silky-bent
a2c89c367.png,Charlock
52dc7a4d6.png,Common Chickweed
7615e52d3.png,Cleavers
1b490196c.png,Shepherds Purse
fd253a74e.png,Charlock
b145ba9d4.png,Sugar beet
0625f063b.png,Fat Hen
0c51bf229.png,Maize
41f1c3cdb.png,Fat Hen
19fdf19fb.png,Maize
4bbfd1e05.png,Cleavers
338c7e907.png,Charlock
0086a6340.png,Fat Hen
490c4f9c8.png,Fat Hen
8cf2e3e6c.png,Common Chickweed
acdb75e00.png,Loose Silky-bent
da713c465.png,Loose Silky-bent
53ceb4657.png,Common Chickweed
126a71ce0.png,Charlock
862b8e7a0.png,Sugar beet
a1da8be3c.png,Maize
a254d71f6.png,Scentless Mayweed
f9ea23fb5.png,Fat Hen
cadab6616.png,Shepherds Purse
d3331e071.png,Loose Silky-bent
3abb502fb.png,Loose Silky-bent
5c3cd7ea2.png,Scentless Mayweed
d6d31dcbe.png,Scentless Mayweed
42e7ed442.png,Shepherds Purse
48231e475.png,Scentless Mayweed
279df95f2.png,Sugar beet
fea3da57c.png,Sugar beet
aad8375e0.png,Shepherds Purse
afcf6abd5.png,Small-flowered Cranesbill
d515398fd.png,Scentless Mayweed
0c27cf05f.png,Loose Silky-bent
cf3a8b2fd.png,Loose Silky-bent
e19673dc9.png,Charlock
bf66b9cd2.png,Maize
258b1183c.png,Cleavers
b2706e2b3.png,Common wheat
071cb3ece.png,Sugar beet
6edc76e7c.png,Fat Hen
d09d24c58.png,Loose Silky-bent
1926e82fd.png,Loose Silky-bent
01291174f.png,Fat Hen
4b032563b.png,Cleavers
377283a21.png,Maize
a2d25b4f3.png,Small-flowered Cranesbill
53e6e9000.png,Common wheat
592cc5b89.png,Loose Silky-bent
65e262a6d.png,Charlock
0dba99002.png,Sugar beet
d09275360.png,Sugar beet
